,Title,Price,Stock Availability,Rating
0,A Light in the Attic,£51.77,"

    
        In stock
    
",3
1,Tipping the Velvet,£53.74,"

    
        In stock
    
",1
2,Soumission,£50.10,"

    
        In stock
    
",1
3,Sharp Objects,£47.82,"

    
        In stock
    
",4
4,Sapiens: A Brief History of Humankind,£54.23,"

    
        In stock
    
",5
5,The Requiem Red,£22.65,"

    
        In stock
    
",1
6,The Dirty Little Secrets of Getting Your Dream Job,£33.34,"

    
        In stock
    
",4
7,"The Coming Woman: A Novel Based on the Life of the Infamous Feminist, Victoria Woodhull",£17.93,"

    
        In stock
    
",3
8,The Boys in the Boat: Nine Americans and Their Epic Quest for Gold at the 1936 Berlin Olympics,£22.60,"

    
        In stock
    
",4
9,The Black Maria,£52.15,"

    
        In stock
    
",1
10,"Starving Hearts (Triangular Trade Trilogy, #1)",£13.99,"

    
        In stock
    
",2
11,Shakespeare's Sonnets,£20.66,"

    
        In stock
    
",4
12,Set Me Free,£17.46,"

    
        In stock
    
",5
13,Scott Pilgrim's Precious Little Life (Scott Pilgrim #1),£52.29,"

    
        In stock
    
",5
14,Rip it Up and Start Again,£35.02,"

    
        In stock
    
",5
15,"Our Band Could Be Your Life: Scenes from the American Indie Underground, 1981-1991",£57.25,"

    
        In stock
    
",3
16,Olio,£23.88,"

    
        In stock
    
",1
17,Mesaerion: The Best Science Fiction Stories 1800-1849,£37.59,"

    
        In stock
    
",1
18,Libertarianism for Beginners,£51.33,"

    
        In stock
    
",2
19,It's Only the Himalayas,£45.17,"

    
        In stock
    
",2
20,A Light in the Attic,£51.77,"

    
        In stock
    
",3
21,Tipping the Velvet,£53.74,"

    
        In stock
    
",1
22,Soumission,£50.10,"

    
        In stock
    
",1
23,Sharp Objects,£47.82,"

    
        In stock
    
",4
24,Sapiens: A Brief History of Humankind,£54.23,"

    
        In stock
    
",5
25,The Requiem Red,£22.65,"

    
        In stock
    
",1
26,The Dirty Little Secrets of Getting Your Dream Job,£33.34,"

    
        In stock
    
",4
27,"The Coming Woman: A Novel Based on the Life of the Infamous Feminist, Victoria Woodhull",£17.93,"

    
        In stock
    
",3
28,The Boys in the Boat: Nine Americans and Their Epic Quest for Gold at the 1936 Berlin Olympics,£22.60,"

    
        In stock
    
",4
29,The Black Maria,£52.15,"

    
        In stock
    
",1
30,"Starving Hearts (Triangular Trade Trilogy, #1)",£13.99,"

    
        In stock
    
",2
31,Shakespeare's Sonnets,£20.66,"

    
        In stock
    
",4
32,Set Me Free,£17.46,"

    
        In stock
    
",5
33,Scott Pilgrim's Precious Little Life (Scott Pilgrim #1),£52.29,"

    
        In stock
    
",5
34,Rip it Up and Start Again,£35.02,"

    
        In stock
    
",5
35,"Our Band Could Be Your Life: Scenes from the American Indie Underground, 1981-1991",£57.25,"

    
        In stock
    
",3
36,Olio,£23.88,"

    
        In stock
    
",1
37,Mesaerion: The Best Science Fiction Stories 1800-1849,£37.59,"

    
        In stock
    
",1
38,Libertarianism for Beginners,£51.33,"

    
        In stock
    
",2
39,It's Only the Himalayas,£45.17,"

    
        In stock
    
",2
40,A Light in the Attic,£51.77,"

    
        In stock
    
",3
41,Tipping the Velvet,£53.74,"

    
        In stock
    
",1
42,Soumission,£50.10,"

    
        In stock
    
",1
43,Sharp Objects,£47.82,"

    
        In stock
    
",4
44,Sapiens: A Brief History of Humankind,£54.23,"

    
        In stock
    
",5
45,The Requiem Red,£22.65,"

    
        In stock
    
",1
46,The Dirty Little Secrets of Getting Your Dream Job,£33.34,"

    
        In stock
    
",4
47,"The Coming Woman: A Novel Based on the Life of the Infamous Feminist, Victoria Woodhull",£17.93,"

    
        In stock
    
",3
48,The Boys in the Boat: Nine Americans and Their Epic Quest for Gold at the 1936 Berlin Olympics,£22.60,"

    
        In stock
    
",4
49,The Black Maria,£52.15,"

    
        In stock
    
",1
50,"Starving Hearts (Triangular Trade Trilogy, #1)",£13.99,"

    
        In stock
    
",2
51,Shakespeare's Sonnets,£20.66,"

    
        In stock
    
",4
52,Set Me Free,£17.46,"

    
        In stock
    
",5
53,Scott Pilgrim's Precious Little Life (Scott Pilgrim #1),£52.29,"

    
        In stock
    
",5
54,Rip it Up and Start Again,£35.02,"

    
        In stock
    
",5
55,"Our Band Could Be Your Life: Scenes from the American Indie Underground, 1981-1991",£57.25,"

    
        In stock
    
",3
56,Olio,£23.88,"

    
        In stock
    
",1
57,Mesaerion: The Best Science Fiction Stories 1800-1849,£37.59,"

    
        In stock
    
",1
58,Libertarianism for Beginners,£51.33,"

    
        In stock
    
",2
59,It's Only the Himalayas,£45.17,"

    
        In stock
    
",2
60,A Light in the Attic,£51.77,"

    
        In stock
    
",3
61,Tipping the Velvet,£53.74,"

    
        In stock
    
",1
62,Soumission,£50.10,"

    
        In stock
    
",1
63,Sharp Objects,£47.82,"

    
        In stock
    
",4
64,Sapiens: A Brief History of Humankind,£54.23,"

    
        In stock
    
",5
65,The Requiem Red,£22.65,"

    
        In stock
    
",1
66,The Dirty Little Secrets of Getting Your Dream Job,£33.34,"

    
        In stock
    
",4
67,"The Coming Woman: A Novel Based on the Life of the Infamous Feminist, Victoria Woodhull",£17.93,"

    
        In stock
    
",3
68,The Boys in the Boat: Nine Americans and Their Epic Quest for Gold at the 1936 Berlin Olympics,£22.60,"

    
        In stock
    
",4
69,The Black Maria,£52.15,"

    
        In stock
    
",1
70,"Starving Hearts (Triangular Trade Trilogy, #1)",£13.99,"

    
        In stock
    
",2
71,Shakespeare's Sonnets,£20.66,"

    
        In stock
    
",4
72,Set Me Free,£17.46,"

    
        In stock
    
",5
73,Scott Pilgrim's Precious Little Life (Scott Pilgrim #1),£52.29,"

    
        In stock
    
",5
74,Rip it Up and Start Again,£35.02,"

    
        In stock
    
",5
75,"Our Band Could Be Your Life: Scenes from the American Indie Underground, 1981-1991",£57.25,"

    
        In stock
    
",3
76,Olio,£23.88,"

    
        In stock
    
",1
77,Mesaerion: The Best Science Fiction Stories 1800-1849,£37.59,"

    
        In stock
    
",1
78,Libertarianism for Beginners,£51.33,"

    
        In stock
    
",2
79,It's Only the Himalayas,£45.17,"

    
        In stock
    
",2
80,A Light in the Attic,£51.77,"

    
        In stock
    
",3
81,Tipping the Velvet,£53.74,"

    
        In stock
    
",1
82,Soumission,£50.10,"

    
        In stock
    
",1
83,Sharp Objects,£47.82,"

    
        In stock
    
",4
84,Sapiens: A Brief History of Humankind,£54.23,"

    
        In stock
    
",5
85,The Requiem Red,£22.65,"

    
        In stock
    
",1
86,The Dirty Little Secrets of Getting Your Dream Job,£33.34,"

    
        In stock
    
",4
87,"The Coming Woman: A Novel Based on the Life of the Infamous Feminist, Victoria Woodhull",£17.93,"

    
        In stock
    
",3
88,The Boys in the Boat: Nine Americans and Their Epic Quest for Gold at the 1936 Berlin Olympics,£22.60,"

    
        In stock
    
",4
89,The Black Maria,£52.15,"

    
        In stock
    
",1
90,"Starving Hearts (Triangular Trade Trilogy, #1)",£13.99,"

    
        In stock
    
",2
91,Shakespeare's Sonnets,£20.66,"

    
        In stock
    
",4
92,Set Me Free,£17.46,"

    
        In stock
    
",5
93,Scott Pilgrim's Precious Little Life (Scott Pilgrim #1),£52.29,"

    
        In stock
    
",5
94,Rip it Up and Start Again,£35.02,"

    
        In stock
    
",5
95,"Our Band Could Be Your Life: Scenes from the American Indie Underground, 1981-1991",£57.25,"

    
        In stock
    
",3
96,Olio,£23.88,"

    
        In stock
    
",1
97,Mesaerion: The Best Science Fiction Stories 1800-1849,£37.59,"

    
        In stock
    
",1
98,Libertarianism for Beginners,£51.33,"

    
        In stock
    
",2
99,It's Only the Himalayas,£45.17,"

    
        In stock
    
",2
100,A Light in the Attic,£51.77,"

    
        In stock
    
",3
101,Tipping the Velvet,£53.74,"

    
        In stock
    
",1
102,Soumission,£50.10,"

    
        In stock
    
",1
103,Sharp Objects,£47.82,"

    
        In stock
    
",4
104,Sapiens: A Brief History of Humankind,£54.23,"

    
        In stock
    
",5
105,The Requiem Red,£22.65,"

    
        In stock
    
",1
106,The Dirty Little Secrets of Getting Your Dream Job,£33.34,"

    
        In stock
    
",4
107,"The Coming Woman: A Novel Based on the Life of the Infamous Feminist, Victoria Woodhull",£17.93,"

    
        In stock
    
",3
108,The Boys in the Boat: Nine Americans and Their Epic Quest for Gold at the 1936 Berlin Olympics,£22.60,"

    
        In stock
    
",4
109,The Black Maria,£52.15,"

    
        In stock
    
",1
110,"Starving Hearts (Triangular Trade Trilogy, #1)",£13.99,"

    
        In stock
    
",2
111,Shakespeare's Sonnets,£20.66,"

    
        In stock
    
",4
112,Set Me Free,£17.46,"

    
        In stock
    
",5
113,Scott Pilgrim's Precious Little Life (Scott Pilgrim #1),£52.29,"

    
        In stock
    
",5
114,Rip it Up and Start Again,£35.02,"

    
        In stock
    
",5
115,"Our Band Could Be Your Life: Scenes from the American Indie Underground, 1981-1991",£57.25,"

    
        In stock
    
",3
116,Olio,£23.88,"

    
        In stock
    
",1
117,Mesaerion: The Best Science Fiction Stories 1800-1849,£37.59,"

    
        In stock
    
",1
118,Libertarianism for Beginners,£51.33,"

    
        In stock
    
",2
119,It's Only the Himalayas,£45.17,"

    
        In stock
    
",2
120,A Light in the Attic,£51.77,"

    
        In stock
    
",3
121,Tipping the Velvet,£53.74,"

    
        In stock
    
",1
122,Soumission,£50.10,"

    
        In stock
    
",1
123,Sharp Objects,£47.82,"

    
        In stock
    
",4
124,Sapiens: A Brief History of Humankind,£54.23,"

    
        In stock
    
",5
125,The Requiem Red,£22.65,"

    
        In stock
    
",1
126,The Dirty Little Secrets of Getting Your Dream Job,£33.34,"

    
        In stock
    
",4
127,"The Coming Woman: A Novel Based on the Life of the Infamous Feminist, Victoria Woodhull",£17.93,"

    
        In stock
    
",3
128,The Boys in the Boat: Nine Americans and Their Epic Quest for Gold at the 1936 Berlin Olympics,£22.60,"

    
        In stock
    
",4
129,The Black Maria,£52.15,"

    
        In stock
    
",1
130,"Starving Hearts (Triangular Trade Trilogy, #1)",£13.99,"

    
        In stock
    
",2
131,Shakespeare's Sonnets,£20.66,"

    
        In stock
    
",4
132,Set Me Free,£17.46,"

    
        In stock
    
",5
133,Scott Pilgrim's Precious Little Life (Scott Pilgrim #1),£52.29,"

    
        In stock
    
",5
134,Rip it Up and Start Again,£35.02,"

    
        In stock
    
",5
135,"Our Band Could Be Your Life: Scenes from the American Indie Underground, 1981-1991",£57.25,"

    
        In stock
    
",3
136,Olio,£23.88,"

    
        In stock
    
",1
137,Mesaerion: The Best Science Fiction Stories 1800-1849,£37.59,"

    
        In stock
    
",1
138,Libertarianism for Beginners,£51.33,"

    
        In stock
    
",2
139,It's Only the Himalayas,£45.17,"

    
        In stock
    
",2
140,A Light in the Attic,£51.77,"

    
        In stock
    
",3
141,Tipping the Velvet,£53.74,"

    
        In stock
    
",1
142,Soumission,£50.10,"

    
        In stock
    
",1
143,Sharp Objects,£47.82,"

    
        In stock
    
",4
144,Sapiens: A Brief History of Humankind,£54.23,"

    
        In stock
    
",5
145,The Requiem Red,£22.65,"

    
        In stock
    
",1
146,The Dirty Little Secrets of Getting Your Dream Job,£33.34,"

    
        In stock
    
",4
147,"The Coming Woman: A Novel Based on the Life of the Infamous Feminist, Victoria Woodhull",£17.93,"

    
        In stock
    
",3
148,The Boys in the Boat: Nine Americans and Their Epic Quest for Gold at the 1936 Berlin Olympics,£22.60,"

    
        In stock
    
",4
149,The Black Maria,£52.15,"

    
        In stock
    
",1
150,"Starving Hearts (Triangular Trade Trilogy, #1)",£13.99,"

    
        In stock
    
",2
151,Shakespeare's Sonnets,£20.66,"

    
        In stock
    
",4
152,Set Me Free,£17.46,"

    
        In stock
    
",5
153,Scott Pilgrim's Precious Little Life (Scott Pilgrim #1),£52.29,"

    
        In stock
    
",5
154,Rip it Up and Start Again,£35.02,"

    
        In stock
    
",5
155,"Our Band Could Be Your Life: Scenes from the American Indie Underground, 1981-1991",£57.25,"

    
        In stock
    
",3
156,Olio,£23.88,"

    
        In stock
    
",1
157,Mesaerion: The Best Science Fiction Stories 1800-1849,£37.59,"

    
        In stock
    
",1
158,Libertarianism for Beginners,£51.33,"

    
        In stock
    
",2
159,It's Only the Himalayas,£45.17,"

    
        In stock
    
",2
160,A Light in the Attic,£51.77,"

    
        In stock
    
",3
161,Tipping the Velvet,£53.74,"

    
        In stock
    
",1
162,Soumission,£50.10,"

    
        In stock
    
",1
163,Sharp Objects,£47.82,"

    
        In stock
    
",4
164,Sapiens: A Brief History of Humankind,£54.23,"

    
        In stock
    
",5
165,The Requiem Red,£22.65,"

    
        In stock
    
",1
166,The Dirty Little Secrets of Getting Your Dream Job,£33.34,"

    
        In stock
    
",4
167,"The Coming Woman: A Novel Based on the Life of the Infamous Feminist, Victoria Woodhull",£17.93,"

    
        In stock
    
",3
168,The Boys in the Boat: Nine Americans and Their Epic Quest for Gold at the 1936 Berlin Olympics,£22.60,"

    
        In stock
    
",4
169,The Black Maria,£52.15,"

    
        In stock
    
",1
170,"Starving Hearts (Triangular Trade Trilogy, #1)",£13.99,"

    
        In stock
    
",2
171,Shakespeare's Sonnets,£20.66,"

    
        In stock
    
",4
172,Set Me Free,£17.46,"

    
        In stock
    
",5
173,Scott Pilgrim's Precious Little Life (Scott Pilgrim #1),£52.29,"

    
        In stock
    
",5
174,Rip it Up and Start Again,£35.02,"

    
        In stock
    
",5
175,"Our Band Could Be Your Life: Scenes from the American Indie Underground, 1981-1991",£57.25,"

    
        In stock
    
",3
176,Olio,£23.88,"

    
        In stock
    
",1
177,Mesaerion: The Best Science Fiction Stories 1800-1849,£37.59,"

    
        In stock
    
",1
178,Libertarianism for Beginners,£51.33,"

    
        In stock
    
",2
179,It's Only the Himalayas,£45.17,"

    
        In stock
    
",2
180,A Light in the Attic,£51.77,"

    
        In stock
    
",3
181,Tipping the Velvet,£53.74,"

    
        In stock
    
",1
182,Soumission,£50.10,"

    
        In stock
    
",1
183,Sharp Objects,£47.82,"

    
        In stock
    
",4
184,Sapiens: A Brief History of Humankind,£54.23,"

    
        In stock
    
",5
185,The Requiem Red,£22.65,"

    
        In stock
    
",1
186,The Dirty Little Secrets of Getting Your Dream Job,£33.34,"

    
        In stock
    
",4
187,"The Coming Woman: A Novel Based on the Life of the Infamous Feminist, Victoria Woodhull",£17.93,"

    
        In stock
    
",3
188,The Boys in the Boat: Nine Americans and Their Epic Quest for Gold at the 1936 Berlin Olympics,£22.60,"

    
        In stock
    
",4
189,The Black Maria,£52.15,"

    
        In stock
    
",1
190,"Starving Hearts (Triangular Trade Trilogy, #1)",£13.99,"

    
        In stock
    
",2
191,Shakespeare's Sonnets,£20.66,"

    
        In stock
    
",4
192,Set Me Free,£17.46,"

    
        In stock
    
",5
193,Scott Pilgrim's Precious Little Life (Scott Pilgrim #1),£52.29,"

    
        In stock
    
",5
194,Rip it Up and Start Again,£35.02,"

    
        In stock
    
",5
195,"Our Band Could Be Your Life: Scenes from the American Indie Underground, 1981-1991",£57.25,"

    
        In stock
    
",3
196,Olio,£23.88,"

    
        In stock
    
",1
197,Mesaerion: The Best Science Fiction Stories 1800-1849,£37.59,"

    
        In stock
    
",1
198,Libertarianism for Beginners,£51.33,"

    
        In stock
    
",2
199,It's Only the Himalayas,£45.17,"

    
        In stock
    
",2
200,A Light in the Attic,£51.77,"

    
        In stock
    
",3
201,Tipping the Velvet,£53.74,"

    
        In stock
    
",1
202,Soumission,£50.10,"

    
        In stock
    
",1
203,Sharp Objects,£47.82,"

    
        In stock
    
",4
204,Sapiens: A Brief History of Humankind,£54.23,"

    
        In stock
    
",5
205,The Requiem Red,£22.65,"

    
        In stock
    
",1
206,The Dirty Little Secrets of Getting Your Dream Job,£33.34,"

    
        In stock
    
",4
207,"The Coming Woman: A Novel Based on the Life of the Infamous Feminist, Victoria Woodhull",£17.93,"

    
        In stock
    
",3
208,The Boys in the Boat: Nine Americans and Their Epic Quest for Gold at the 1936 Berlin Olympics,£22.60,"

    
        In stock
    
",4
209,The Black Maria,£52.15,"

    
        In stock
    
",1
210,"Starving Hearts (Triangular Trade Trilogy, #1)",£13.99,"

    
        In stock
    
",2
211,Shakespeare's Sonnets,£20.66,"

    
        In stock
    
",4
212,Set Me Free,£17.46,"

    
        In stock
    
",5
213,Scott Pilgrim's Precious Little Life (Scott Pilgrim #1),£52.29,"

    
        In stock
    
",5
214,Rip it Up and Start Again,£35.02,"

    
        In stock
    
",5
215,"Our Band Could Be Your Life: Scenes from the American Indie Underground, 1981-1991",£57.25,"

    
        In stock
    
",3
216,Olio,£23.88,"

    
        In stock
    
",1
217,Mesaerion: The Best Science Fiction Stories 1800-1849,£37.59,"

    
        In stock
    
",1
218,Libertarianism for Beginners,£51.33,"

    
        In stock
    
",2
219,It's Only the Himalayas,£45.17,"

    
        In stock
    
",2
220,A Light in the Attic,£51.77,"

    
        In stock
    
",3
221,Tipping the Velvet,£53.74,"

    
        In stock
    
",1
222,Soumission,£50.10,"

    
        In stock
    
",1
223,Sharp Objects,£47.82,"

    
        In stock
    
",4
224,Sapiens: A Brief History of Humankind,£54.23,"

    
        In stock
    
",5
225,The Requiem Red,£22.65,"

    
        In stock
    
",1
226,The Dirty Little Secrets of Getting Your Dream Job,£33.34,"

    
        In stock
    
",4
227,"The Coming Woman: A Novel Based on the Life of the Infamous Feminist, Victoria Woodhull",£17.93,"

    
        In stock
    
",3
228,The Boys in the Boat: Nine Americans and Their Epic Quest for Gold at the 1936 Berlin Olympics,£22.60,"

    
        In stock
    
",4
229,The Black Maria,£52.15,"

    
        In stock
    
",1
230,"Starving Hearts (Triangular Trade Trilogy, #1)",£13.99,"

    
        In stock
    
",2
231,Shakespeare's Sonnets,£20.66,"

    
        In stock
    
",4
232,Set Me Free,£17.46,"

    
        In stock
    
",5
233,Scott Pilgrim's Precious Little Life (Scott Pilgrim #1),£52.29,"

    
        In stock
    
",5
234,Rip it Up and Start Again,£35.02,"

    
        In stock
    
",5
235,"Our Band Could Be Your Life: Scenes from the American Indie Underground, 1981-1991",£57.25,"

    
        In stock
    
",3
236,Olio,£23.88,"

    
        In stock
    
",1
237,Mesaerion: The Best Science Fiction Stories 1800-1849,£37.59,"

    
        In stock
    
",1
238,Libertarianism for Beginners,£51.33,"

    
        In stock
    
",2
239,It's Only the Himalayas,£45.17,"

    
        In stock
    
",2
240,A Light in the Attic,£51.77,"

    
        In stock
    
",3
241,Tipping the Velvet,£53.74,"

    
        In stock
    
",1
242,Soumission,£50.10,"

    
        In stock
    
",1
243,Sharp Objects,£47.82,"

    
        In stock
    
",4
244,Sapiens: A Brief History of Humankind,£54.23,"

    
        In stock
    
",5
245,The Requiem Red,£22.65,"

    
        In stock
    
",1
246,The Dirty Little Secrets of Getting Your Dream Job,£33.34,"

    
        In stock
    
",4
247,"The Coming Woman: A Novel Based on the Life of the Infamous Feminist, Victoria Woodhull",£17.93,"

    
        In stock
    
",3
248,The Boys in the Boat: Nine Americans and Their Epic Quest for Gold at the 1936 Berlin Olympics,£22.60,"

    
        In stock
    
",4
249,The Black Maria,£52.15,"

    
        In stock
    
",1
250,"Starving Hearts (Triangular Trade Trilogy, #1)",£13.99,"

    
        In stock
    
",2
251,Shakespeare's Sonnets,£20.66,"

    
        In stock
    
",4
252,Set Me Free,£17.46,"

    
        In stock
    
",5
253,Scott Pilgrim's Precious Little Life (Scott Pilgrim #1),£52.29,"

    
        In stock
    
",5
254,Rip it Up and Start Again,£35.02,"

    
        In stock
    
",5
255,"Our Band Could Be Your Life: Scenes from the American Indie Underground, 1981-1991",£57.25,"

    
        In stock
    
",3
256,Olio,£23.88,"

    
        In stock
    
",1
257,Mesaerion: The Best Science Fiction Stories 1800-1849,£37.59,"

    
        In stock
    
",1
258,Libertarianism for Beginners,£51.33,"

    
        In stock
    
",2
259,It's Only the Himalayas,£45.17,"

    
        In stock
    
",2
260,A Light in the Attic,£51.77,"

    
        In stock
    
",3
261,Tipping the Velvet,£53.74,"

    
        In stock
    
",1
262,Soumission,£50.10,"

    
        In stock
    
",1
263,Sharp Objects,£47.82,"

    
        In stock
    
",4
264,Sapiens: A Brief History of Humankind,£54.23,"

    
        In stock
    
",5
265,The Requiem Red,£22.65,"

    
        In stock
    
",1
266,The Dirty Little Secrets of Getting Your Dream Job,£33.34,"

    
        In stock
    
",4
267,"The Coming Woman: A Novel Based on the Life of the Infamous Feminist, Victoria Woodhull",£17.93,"

    
        In stock
    
",3
268,The Boys in the Boat: Nine Americans and Their Epic Quest for Gold at the 1936 Berlin Olympics,£22.60,"

    
        In stock
    
",4
269,The Black Maria,£52.15,"

    
        In stock
    
",1
270,"Starving Hearts (Triangular Trade Trilogy, #1)",£13.99,"

    
        In stock
    
",2
271,Shakespeare's Sonnets,£20.66,"

    
        In stock
    
",4
272,Set Me Free,£17.46,"

    
        In stock
    
",5
273,Scott Pilgrim's Precious Little Life (Scott Pilgrim #1),£52.29,"

    
        In stock
    
",5
274,Rip it Up and Start Again,£35.02,"

    
        In stock
    
",5
275,"Our Band Could Be Your Life: Scenes from the American Indie Underground, 1981-1991",£57.25,"

    
        In stock
    
",3
276,Olio,£23.88,"

    
        In stock
    
",1
277,Mesaerion: The Best Science Fiction Stories 1800-1849,£37.59,"

    
        In stock
    
",1
278,Libertarianism for Beginners,£51.33,"

    
        In stock
    
",2
279,It's Only the Himalayas,£45.17,"

    
        In stock
    
",2
280,A Light in the Attic,£51.77,"

    
        In stock
    
",3
281,Tipping the Velvet,£53.74,"

    
        In stock
    
",1
282,Soumission,£50.10,"

    
        In stock
    
",1
283,Sharp Objects,£47.82,"

    
        In stock
    
",4
284,Sapiens: A Brief History of Humankind,£54.23,"

    
        In stock
    
",5
285,The Requiem Red,£22.65,"

    
        In stock
    
",1
286,The Dirty Little Secrets of Getting Your Dream Job,£33.34,"

    
        In stock
    
",4
287,"The Coming Woman: A Novel Based on the Life of the Infamous Feminist, Victoria Woodhull",£17.93,"

    
        In stock
    
",3
288,The Boys in the Boat: Nine Americans and Their Epic Quest for Gold at the 1936 Berlin Olympics,£22.60,"

    
        In stock
    
",4
289,The Black Maria,£52.15,"

    
        In stock
    
",1
290,"Starving Hearts (Triangular Trade Trilogy, #1)",£13.99,"

    
        In stock
    
",2
291,Shakespeare's Sonnets,£20.66,"

    
        In stock
    
",4
292,Set Me Free,£17.46,"

    
        In stock
    
",5
293,Scott Pilgrim's Precious Little Life (Scott Pilgrim #1),£52.29,"

    
        In stock
    
",5
294,Rip it Up and Start Again,£35.02,"

    
        In stock
    
",5
295,"Our Band Could Be Your Life: Scenes from the American Indie Underground, 1981-1991",£57.25,"

    
        In stock
    
",3
296,Olio,£23.88,"

    
        In stock
    
",1
297,Mesaerion: The Best Science Fiction Stories 1800-1849,£37.59,"

    
        In stock
    
",1
298,Libertarianism for Beginners,£51.33,"

    
        In stock
    
",2
299,It's Only the Himalayas,£45.17,"

    
        In stock
    
",2
300,A Light in the Attic,£51.77,"

    
        In stock
    
",3
301,Tipping the Velvet,£53.74,"

    
        In stock
    
",1
302,Soumission,£50.10,"

    
        In stock
    
",1
303,Sharp Objects,£47.82,"

    
        In stock
    
",4
304,Sapiens: A Brief History of Humankind,£54.23,"

    
        In stock
    
",5
305,The Requiem Red,£22.65,"

    
        In stock
    
",1
306,The Dirty Little Secrets of Getting Your Dream Job,£33.34,"

    
        In stock
    
",4
307,"The Coming Woman: A Novel Based on the Life of the Infamous Feminist, Victoria Woodhull",£17.93,"

    
        In stock
    
",3
308,The Boys in the Boat: Nine Americans and Their Epic Quest for Gold at the 1936 Berlin Olympics,£22.60,"

    
        In stock
    
",4
309,The Black Maria,£52.15,"

    
        In stock
    
",1
310,"Starving Hearts (Triangular Trade Trilogy, #1)",£13.99,"

    
        In stock
    
",2
311,Shakespeare's Sonnets,£20.66,"

    
        In stock
    
",4
312,Set Me Free,£17.46,"

    
        In stock
    
",5
313,Scott Pilgrim's Precious Little Life (Scott Pilgrim #1),£52.29,"

    
        In stock
    
",5
314,Rip it Up and Start Again,£35.02,"

    
        In stock
    
",5
315,"Our Band Could Be Your Life: Scenes from the American Indie Underground, 1981-1991",£57.25,"

    
        In stock
    
",3
316,Olio,£23.88,"

    
        In stock
    
",1
317,Mesaerion: The Best Science Fiction Stories 1800-1849,£37.59,"

    
        In stock
    
",1
318,Libertarianism for Beginners,£51.33,"

    
        In stock
    
",2
319,It's Only the Himalayas,£45.17,"

    
        In stock
    
",2
320,A Light in the Attic,£51.77,"

    
        In stock
    
",3
321,Tipping the Velvet,£53.74,"

    
        In stock
    
",1
322,Soumission,£50.10,"

    
        In stock
    
",1
323,Sharp Objects,£47.82,"

    
        In stock
    
",4
324,Sapiens: A Brief History of Humankind,£54.23,"

    
        In stock
    
",5
325,The Requiem Red,£22.65,"

    
        In stock
    
",1
326,The Dirty Little Secrets of Getting Your Dream Job,£33.34,"

    
        In stock
    
",4
327,"The Coming Woman: A Novel Based on the Life of the Infamous Feminist, Victoria Woodhull",£17.93,"

    
        In stock
    
",3
328,The Boys in the Boat: Nine Americans and Their Epic Quest for Gold at the 1936 Berlin Olympics,£22.60,"

    
        In stock
    
",4
329,The Black Maria,£52.15,"

    
        In stock
    
",1
330,"Starving Hearts (Triangular Trade Trilogy, #1)",£13.99,"

    
        In stock
    
",2
331,Shakespeare's Sonnets,£20.66,"

    
        In stock
    
",4
332,Set Me Free,£17.46,"

    
        In stock
    
",5
333,Scott Pilgrim's Precious Little Life (Scott Pilgrim #1),£52.29,"

    
        In stock
    
",5
334,Rip it Up and Start Again,£35.02,"

    
        In stock
    
",5
335,"Our Band Could Be Your Life: Scenes from the American Indie Underground, 1981-1991",£57.25,"

    
        In stock
    
",3
336,Olio,£23.88,"

    
        In stock
    
",1
337,Mesaerion: The Best Science Fiction Stories 1800-1849,£37.59,"

    
        In stock
    
",1
338,Libertarianism for Beginners,£51.33,"

    
        In stock
    
",2
339,It's Only the Himalayas,£45.17,"

    
        In stock
    
",2
340,A Light in the Attic,£51.77,"

    
        In stock
    
",3
341,Tipping the Velvet,£53.74,"

    
        In stock
    
",1
342,Soumission,£50.10,"

    
        In stock
    
",1
343,Sharp Objects,£47.82,"

    
        In stock
    
",4
344,Sapiens: A Brief History of Humankind,£54.23,"

    
        In stock
    
",5
345,The Requiem Red,£22.65,"

    
        In stock
    
",1
346,The Dirty Little Secrets of Getting Your Dream Job,£33.34,"

    
        In stock
    
",4
347,"The Coming Woman: A Novel Based on the Life of the Infamous Feminist, Victoria Woodhull",£17.93,"

    
        In stock
    
",3
348,The Boys in the Boat: Nine Americans and Their Epic Quest for Gold at the 1936 Berlin Olympics,£22.60,"

    
        In stock
    
",4
349,The Black Maria,£52.15,"

    
        In stock
    
",1
350,"Starving Hearts (Triangular Trade Trilogy, #1)",£13.99,"

    
        In stock
    
",2
351,Shakespeare's Sonnets,£20.66,"

    
        In stock
    
",4
352,Set Me Free,£17.46,"

    
        In stock
    
",5
353,Scott Pilgrim's Precious Little Life (Scott Pilgrim #1),£52.29,"

    
        In stock
    
",5
354,Rip it Up and Start Again,£35.02,"

    
        In stock
    
",5
355,"Our Band Could Be Your Life: Scenes from the American Indie Underground, 1981-1991",£57.25,"

    
        In stock
    
",3
356,Olio,£23.88,"

    
        In stock
    
",1
357,Mesaerion: The Best Science Fiction Stories 1800-1849,£37.59,"

    
        In stock
    
",1
358,Libertarianism for Beginners,£51.33,"

    
        In stock
    
",2
359,It's Only the Himalayas,£45.17,"

    
        In stock
    
",2
360,A Light in the Attic,£51.77,"

    
        In stock
    
",3
361,Tipping the Velvet,£53.74,"

    
        In stock
    
",1
362,Soumission,£50.10,"

    
        In stock
    
",1
363,Sharp Objects,£47.82,"

    
        In stock
    
",4
364,Sapiens: A Brief History of Humankind,£54.23,"

    
        In stock
    
",5
365,The Requiem Red,£22.65,"

    
        In stock
    
",1
366,The Dirty Little Secrets of Getting Your Dream Job,£33.34,"

    
        In stock
    
",4
367,"The Coming Woman: A Novel Based on the Life of the Infamous Feminist, Victoria Woodhull",£17.93,"

    
        In stock
    
",3
368,The Boys in the Boat: Nine Americans and Their Epic Quest for Gold at the 1936 Berlin Olympics,£22.60,"

    
        In stock
    
",4
369,The Black Maria,£52.15,"

    
        In stock
    
",1
370,"Starving Hearts (Triangular Trade Trilogy, #1)",£13.99,"

    
        In stock
    
",2
371,Shakespeare's Sonnets,£20.66,"

    
        In stock
    
",4
372,Set Me Free,£17.46,"

    
        In stock
    
",5
373,Scott Pilgrim's Precious Little Life (Scott Pilgrim #1),£52.29,"

    
        In stock
    
",5
374,Rip it Up and Start Again,£35.02,"

    
        In stock
    
",5
375,"Our Band Could Be Your Life: Scenes from the American Indie Underground, 1981-1991",£57.25,"

    
        In stock
    
",3
376,Olio,£23.88,"

    
        In stock
    
",1
377,Mesaerion: The Best Science Fiction Stories 1800-1849,£37.59,"

    
        In stock
    
",1
378,Libertarianism for Beginners,£51.33,"

    
        In stock
    
",2
379,It's Only the Himalayas,£45.17,"

    
        In stock
    
",2
380,A Light in the Attic,£51.77,"

    
        In stock
    
",3
381,Tipping the Velvet,£53.74,"

    
        In stock
    
",1
382,Soumission,£50.10,"

    
        In stock
    
",1
383,Sharp Objects,£47.82,"

    
        In stock
    
",4
384,Sapiens: A Brief History of Humankind,£54.23,"

    
        In stock
    
",5
385,The Requiem Red,£22.65,"

    
        In stock
    
",1
386,The Dirty Little Secrets of Getting Your Dream Job,£33.34,"

    
        In stock
    
",4
387,"The Coming Woman: A Novel Based on the Life of the Infamous Feminist, Victoria Woodhull",£17.93,"

    
        In stock
    
",3
388,The Boys in the Boat: Nine Americans and Their Epic Quest for Gold at the 1936 Berlin Olympics,£22.60,"

    
        In stock
    
",4
389,The Black Maria,£52.15,"

    
        In stock
    
",1
390,"Starving Hearts (Triangular Trade Trilogy, #1)",£13.99,"

    
        In stock
    
",2
391,Shakespeare's Sonnets,£20.66,"

    
        In stock
    
",4
392,Set Me Free,£17.46,"

    
        In stock
    
",5
393,Scott Pilgrim's Precious Little Life (Scott Pilgrim #1),£52.29,"

    
        In stock
    
",5
394,Rip it Up and Start Again,£35.02,"

    
        In stock
    
",5
395,"Our Band Could Be Your Life: Scenes from the American Indie Underground, 1981-1991",£57.25,"

    
        In stock
    
",3
396,Olio,£23.88,"

    
        In stock
    
",1
397,Mesaerion: The Best Science Fiction Stories 1800-1849,£37.59,"

    
        In stock
    
",1
398,Libertarianism for Beginners,£51.33,"

    
        In stock
    
",2
399,It's Only the Himalayas,£45.17,"

    
        In stock
    
",2
400,A Light in the Attic,£51.77,"

    
        In stock
    
",3
401,Tipping the Velvet,£53.74,"

    
        In stock
    
",1
402,Soumission,£50.10,"

    
        In stock
    
",1
403,Sharp Objects,£47.82,"

    
        In stock
    
",4
404,Sapiens: A Brief History of Humankind,£54.23,"

    
        In stock
    
",5
405,The Requiem Red,£22.65,"

    
        In stock
    
",1
406,The Dirty Little Secrets of Getting Your Dream Job,£33.34,"

    
        In stock
    
",4
407,"The Coming Woman: A Novel Based on the Life of the Infamous Feminist, Victoria Woodhull",£17.93,"

    
        In stock
    
",3
408,The Boys in the Boat: Nine Americans and Their Epic Quest for Gold at the 1936 Berlin Olympics,£22.60,"

    
        In stock
    
",4
409,The Black Maria,£52.15,"

    
        In stock
    
",1
410,"Starving Hearts (Triangular Trade Trilogy, #1)",£13.99,"

    
        In stock
    
",2
411,Shakespeare's Sonnets,£20.66,"

    
        In stock
    
",4
412,Set Me Free,£17.46,"

    
        In stock
    
",5
413,Scott Pilgrim's Precious Little Life (Scott Pilgrim #1),£52.29,"

    
        In stock
    
",5
414,Rip it Up and Start Again,£35.02,"

    
        In stock
    
",5
415,"Our Band Could Be Your Life: Scenes from the American Indie Underground, 1981-1991",£57.25,"

    
        In stock
    
",3
416,Olio,£23.88,"

    
        In stock
    
",1
417,Mesaerion: The Best Science Fiction Stories 1800-1849,£37.59,"

    
        In stock
    
",1
418,Libertarianism for Beginners,£51.33,"

    
        In stock
    
",2
419,It's Only the Himalayas,£45.17,"

    
        In stock
    
",2
420,A Light in the Attic,£51.77,"

    
        In stock
    
",3
421,Tipping the Velvet,£53.74,"

    
        In stock
    
",1
422,Soumission,£50.10,"

    
        In stock
    
",1
423,Sharp Objects,£47.82,"

    
        In stock
    
",4
424,Sapiens: A Brief History of Humankind,£54.23,"

    
        In stock
    
",5
425,The Requiem Red,£22.65,"

    
        In stock
    
",1
426,The Dirty Little Secrets of Getting Your Dream Job,£33.34,"

    
        In stock
    
",4
427,"The Coming Woman: A Novel Based on the Life of the Infamous Feminist, Victoria Woodhull",£17.93,"

    
        In stock
    
",3
428,The Boys in the Boat: Nine Americans and Their Epic Quest for Gold at the 1936 Berlin Olympics,£22.60,"

    
        In stock
    
",4
429,The Black Maria,£52.15,"

    
        In stock
    
",1
430,"Starving Hearts (Triangular Trade Trilogy, #1)",£13.99,"

    
        In stock
    
",2
431,Shakespeare's Sonnets,£20.66,"

    
        In stock
    
",4
432,Set Me Free,£17.46,"

    
        In stock
    
",5
433,Scott Pilgrim's Precious Little Life (Scott Pilgrim #1),£52.29,"

    
        In stock
    
",5
434,Rip it Up and Start Again,£35.02,"

    
        In stock
    
",5
435,"Our Band Could Be Your Life: Scenes from the American Indie Underground, 1981-1991",£57.25,"

    
        In stock
    
",3
436,Olio,£23.88,"

    
        In stock
    
",1
437,Mesaerion: The Best Science Fiction Stories 1800-1849,£37.59,"

    
        In stock
    
",1
438,Libertarianism for Beginners,£51.33,"

    
        In stock
    
",2
439,It's Only the Himalayas,£45.17,"

    
        In stock
    
",2
440,A Light in the Attic,£51.77,"

    
        In stock
    
",3
441,Tipping the Velvet,£53.74,"

    
        In stock
    
",1
442,Soumission,£50.10,"

    
        In stock
    
",1
443,Sharp Objects,£47.82,"

    
        In stock
    
",4
444,Sapiens: A Brief History of Humankind,£54.23,"

    
        In stock
    
",5
445,The Requiem Red,£22.65,"

    
        In stock
    
",1
446,The Dirty Little Secrets of Getting Your Dream Job,£33.34,"

    
        In stock
    
",4
447,"The Coming Woman: A Novel Based on the Life of the Infamous Feminist, Victoria Woodhull",£17.93,"

    
        In stock
    
",3
448,The Boys in the Boat: Nine Americans and Their Epic Quest for Gold at the 1936 Berlin Olympics,£22.60,"

    
        In stock
    
",4
449,The Black Maria,£52.15,"

    
        In stock
    
",1
450,"Starving Hearts (Triangular Trade Trilogy, #1)",£13.99,"

    
        In stock
    
",2
451,Shakespeare's Sonnets,£20.66,"

    
        In stock
    
",4
452,Set Me Free,£17.46,"

    
        In stock
    
",5
453,Scott Pilgrim's Precious Little Life (Scott Pilgrim #1),£52.29,"

    
        In stock
    
",5
454,Rip it Up and Start Again,£35.02,"

    
        In stock
    
",5
455,"Our Band Could Be Your Life: Scenes from the American Indie Underground, 1981-1991",£57.25,"

    
        In stock
    
",3
456,Olio,£23.88,"

    
        In stock
    
",1
457,Mesaerion: The Best Science Fiction Stories 1800-1849,£37.59,"

    
        In stock
    
",1
458,Libertarianism for Beginners,£51.33,"

    
        In stock
    
",2
459,It's Only the Himalayas,£45.17,"

    
        In stock
    
",2
460,A Light in the Attic,£51.77,"

    
        In stock
    
",3
461,Tipping the Velvet,£53.74,"

    
        In stock
    
",1
462,Soumission,£50.10,"

    
        In stock
    
",1
463,Sharp Objects,£47.82,"

    
        In stock
    
",4
464,Sapiens: A Brief History of Humankind,£54.23,"

    
        In stock
    
",5
465,The Requiem Red,£22.65,"

    
        In stock
    
",1
466,The Dirty Little Secrets of Getting Your Dream Job,£33.34,"

    
        In stock
    
",4
467,"The Coming Woman: A Novel Based on the Life of the Infamous Feminist, Victoria Woodhull",£17.93,"

    
        In stock
    
",3
468,The Boys in the Boat: Nine Americans and Their Epic Quest for Gold at the 1936 Berlin Olympics,£22.60,"

    
        In stock
    
",4
469,The Black Maria,£52.15,"

    
        In stock
    
",1
470,"Starving Hearts (Triangular Trade Trilogy, #1)",£13.99,"

    
        In stock
    
",2
471,Shakespeare's Sonnets,£20.66,"

    
        In stock
    
",4
472,Set Me Free,£17.46,"

    
        In stock
    
",5
473,Scott Pilgrim's Precious Little Life (Scott Pilgrim #1),£52.29,"

    
        In stock
    
",5
474,Rip it Up and Start Again,£35.02,"

    
        In stock
    
",5
475,"Our Band Could Be Your Life: Scenes from the American Indie Underground, 1981-1991",£57.25,"

    
        In stock
    
",3
476,Olio,£23.88,"

    
        In stock
    
",1
477,Mesaerion: The Best Science Fiction Stories 1800-1849,£37.59,"

    
        In stock
    
",1
478,Libertarianism for Beginners,£51.33,"

    
        In stock
    
",2
479,It's Only the Himalayas,£45.17,"

    
        In stock
    
",2
480,A Light in the Attic,£51.77,"

    
        In stock
    
",3
481,Tipping the Velvet,£53.74,"

    
        In stock
    
",1
482,Soumission,£50.10,"

    
        In stock
    
",1
483,Sharp Objects,£47.82,"

    
        In stock
    
",4
484,Sapiens: A Brief History of Humankind,£54.23,"

    
        In stock
    
",5
485,The Requiem Red,£22.65,"

    
        In stock
    
",1
486,The Dirty Little Secrets of Getting Your Dream Job,£33.34,"

    
        In stock
    
",4
487,"The Coming Woman: A Novel Based on the Life of the Infamous Feminist, Victoria Woodhull",£17.93,"

    
        In stock
    
",3
488,The Boys in the Boat: Nine Americans and Their Epic Quest for Gold at the 1936 Berlin Olympics,£22.60,"

    
        In stock
    
",4
489,The Black Maria,£52.15,"

    
        In stock
    
",1
490,"Starving Hearts (Triangular Trade Trilogy, #1)",£13.99,"

    
        In stock
    
",2
491,Shakespeare's Sonnets,£20.66,"

    
        In stock
    
",4
492,Set Me Free,£17.46,"

    
        In stock
    
",5
493,Scott Pilgrim's Precious Little Life (Scott Pilgrim #1),£52.29,"

    
        In stock
    
",5
494,Rip it Up and Start Again,£35.02,"

    
        In stock
    
",5
495,"Our Band Could Be Your Life: Scenes from the American Indie Underground, 1981-1991",£57.25,"

    
        In stock
    
",3
496,Olio,£23.88,"

    
        In stock
    
",1
497,Mesaerion: The Best Science Fiction Stories 1800-1849,£37.59,"

    
        In stock
    
",1
498,Libertarianism for Beginners,£51.33,"

    
        In stock
    
",2
499,It's Only the Himalayas,£45.17,"

    
        In stock
    
",2
500,A Light in the Attic,£51.77,"

    
        In stock
    
",3
501,Tipping the Velvet,£53.74,"

    
        In stock
    
",1
502,Soumission,£50.10,"

    
        In stock
    
",1
503,Sharp Objects,£47.82,"

    
        In stock
    
",4
504,Sapiens: A Brief History of Humankind,£54.23,"

    
        In stock
    
",5
505,The Requiem Red,£22.65,"

    
        In stock
    
",1
506,The Dirty Little Secrets of Getting Your Dream Job,£33.34,"

    
        In stock
    
",4
507,"The Coming Woman: A Novel Based on the Life of the Infamous Feminist, Victoria Woodhull",£17.93,"

    
        In stock
    
",3
508,The Boys in the Boat: Nine Americans and Their Epic Quest for Gold at the 1936 Berlin Olympics,£22.60,"

    
        In stock
    
",4
509,The Black Maria,£52.15,"

    
        In stock
    
",1
510,"Starving Hearts (Triangular Trade Trilogy, #1)",£13.99,"

    
        In stock
    
",2
511,Shakespeare's Sonnets,£20.66,"

    
        In stock
    
",4
512,Set Me Free,£17.46,"

    
        In stock
    
",5
513,Scott Pilgrim's Precious Little Life (Scott Pilgrim #1),£52.29,"

    
        In stock
    
",5
514,Rip it Up and Start Again,£35.02,"

    
        In stock
    
",5
515,"Our Band Could Be Your Life: Scenes from the American Indie Underground, 1981-1991",£57.25,"

    
        In stock
    
",3
516,Olio,£23.88,"

    
        In stock
    
",1
517,Mesaerion: The Best Science Fiction Stories 1800-1849,£37.59,"

    
        In stock
    
",1
518,Libertarianism for Beginners,£51.33,"

    
        In stock
    
",2
519,It's Only the Himalayas,£45.17,"

    
        In stock
    
",2
520,A Light in the Attic,£51.77,"

    
        In stock
    
",3
521,Tipping the Velvet,£53.74,"

    
        In stock
    
",1
522,Soumission,£50.10,"

    
        In stock
    
",1
523,Sharp Objects,£47.82,"

    
        In stock
    
",4
524,Sapiens: A Brief History of Humankind,£54.23,"

    
        In stock
    
",5
525,The Requiem Red,£22.65,"

    
        In stock
    
",1
526,The Dirty Little Secrets of Getting Your Dream Job,£33.34,"

    
        In stock
    
",4
527,"The Coming Woman: A Novel Based on the Life of the Infamous Feminist, Victoria Woodhull",£17.93,"

    
        In stock
    
",3
528,The Boys in the Boat: Nine Americans and Their Epic Quest for Gold at the 1936 Berlin Olympics,£22.60,"

    
        In stock
    
",4
529,The Black Maria,£52.15,"

    
        In stock
    
",1
530,"Starving Hearts (Triangular Trade Trilogy, #1)",£13.99,"

    
        In stock
    
",2
531,Shakespeare's Sonnets,£20.66,"

    
        In stock
    
",4
532,Set Me Free,£17.46,"

    
        In stock
    
",5
533,Scott Pilgrim's Precious Little Life (Scott Pilgrim #1),£52.29,"

    
        In stock
    
",5
534,Rip it Up and Start Again,£35.02,"

    
        In stock
    
",5
535,"Our Band Could Be Your Life: Scenes from the American Indie Underground, 1981-1991",£57.25,"

    
        In stock
    
",3
536,Olio,£23.88,"

    
        In stock
    
",1
537,Mesaerion: The Best Science Fiction Stories 1800-1849,£37.59,"

    
        In stock
    
",1
538,Libertarianism for Beginners,£51.33,"

    
        In stock
    
",2
539,It's Only the Himalayas,£45.17,"

    
        In stock
    
",2
540,A Light in the Attic,£51.77,"

    
        In stock
    
",3
541,Tipping the Velvet,£53.74,"

    
        In stock
    
",1
542,Soumission,£50.10,"

    
        In stock
    
",1
543,Sharp Objects,£47.82,"

    
        In stock
    
",4
544,Sapiens: A Brief History of Humankind,£54.23,"

    
        In stock
    
",5
545,The Requiem Red,£22.65,"

    
        In stock
    
",1
546,The Dirty Little Secrets of Getting Your Dream Job,£33.34,"

    
        In stock
    
",4
547,"The Coming Woman: A Novel Based on the Life of the Infamous Feminist, Victoria Woodhull",£17.93,"

    
        In stock
    
",3
548,The Boys in the Boat: Nine Americans and Their Epic Quest for Gold at the 1936 Berlin Olympics,£22.60,"

    
        In stock
    
",4
549,The Black Maria,£52.15,"

    
        In stock
    
",1
550,"Starving Hearts (Triangular Trade Trilogy, #1)",£13.99,"

    
        In stock
    
",2
551,Shakespeare's Sonnets,£20.66,"

    
        In stock
    
",4
552,Set Me Free,£17.46,"

    
        In stock
    
",5
553,Scott Pilgrim's Precious Little Life (Scott Pilgrim #1),£52.29,"

    
        In stock
    
",5
554,Rip it Up and Start Again,£35.02,"

    
        In stock
    
",5
555,"Our Band Could Be Your Life: Scenes from the American Indie Underground, 1981-1991",£57.25,"

    
        In stock
    
",3
556,Olio,£23.88,"

    
        In stock
    
",1
557,Mesaerion: The Best Science Fiction Stories 1800-1849,£37.59,"

    
        In stock
    
",1
558,Libertarianism for Beginners,£51.33,"

    
        In stock
    
",2
559,It's Only the Himalayas,£45.17,"

    
        In stock
    
",2
560,A Light in the Attic,£51.77,"

    
        In stock
    
",3
561,Tipping the Velvet,£53.74,"

    
        In stock
    
",1
562,Soumission,£50.10,"

    
        In stock
    
",1
563,Sharp Objects,£47.82,"

    
        In stock
    
",4
564,Sapiens: A Brief History of Humankind,£54.23,"

    
        In stock
    
",5
565,The Requiem Red,£22.65,"

    
        In stock
    
",1
566,The Dirty Little Secrets of Getting Your Dream Job,£33.34,"

    
        In stock
    
",4
567,"The Coming Woman: A Novel Based on the Life of the Infamous Feminist, Victoria Woodhull",£17.93,"

    
        In stock
    
",3
568,The Boys in the Boat: Nine Americans and Their Epic Quest for Gold at the 1936 Berlin Olympics,£22.60,"

    
        In stock
    
",4
569,The Black Maria,£52.15,"

    
        In stock
    
",1
570,"Starving Hearts (Triangular Trade Trilogy, #1)",£13.99,"

    
        In stock
    
",2
571,Shakespeare's Sonnets,£20.66,"

    
        In stock
    
",4
572,Set Me Free,£17.46,"

    
        In stock
    
",5
573,Scott Pilgrim's Precious Little Life (Scott Pilgrim #1),£52.29,"

    
        In stock
    
",5
574,Rip it Up and Start Again,£35.02,"

    
        In stock
    
",5
575,"Our Band Could Be Your Life: Scenes from the American Indie Underground, 1981-1991",£57.25,"

    
        In stock
    
",3
576,Olio,£23.88,"

    
        In stock
    
",1
577,Mesaerion: The Best Science Fiction Stories 1800-1849,£37.59,"

    
        In stock
    
",1
578,Libertarianism for Beginners,£51.33,"

    
        In stock
    
",2
579,It's Only the Himalayas,£45.17,"

    
        In stock
    
",2
580,A Light in the Attic,£51.77,"

    
        In stock
    
",3
581,Tipping the Velvet,£53.74,"

    
        In stock
    
",1
582,Soumission,£50.10,"

    
        In stock
    
",1
583,Sharp Objects,£47.82,"

    
        In stock
    
",4
584,Sapiens: A Brief History of Humankind,£54.23,"

    
        In stock
    
",5
585,The Requiem Red,£22.65,"

    
        In stock
    
",1
586,The Dirty Little Secrets of Getting Your Dream Job,£33.34,"

    
        In stock
    
",4
587,"The Coming Woman: A Novel Based on the Life of the Infamous Feminist, Victoria Woodhull",£17.93,"

    
        In stock
    
",3
588,The Boys in the Boat: Nine Americans and Their Epic Quest for Gold at the 1936 Berlin Olympics,£22.60,"

    
        In stock
    
",4
589,The Black Maria,£52.15,"

    
        In stock
    
",1
590,"Starving Hearts (Triangular Trade Trilogy, #1)",£13.99,"

    
        In stock
    
",2
591,Shakespeare's Sonnets,£20.66,"

    
        In stock
    
",4
592,Set Me Free,£17.46,"

    
        In stock
    
",5
593,Scott Pilgrim's Precious Little Life (Scott Pilgrim #1),£52.29,"

    
        In stock
    
",5
594,Rip it Up and Start Again,£35.02,"

    
        In stock
    
",5
595,"Our Band Could Be Your Life: Scenes from the American Indie Underground, 1981-1991",£57.25,"

    
        In stock
    
",3
596,Olio,£23.88,"

    
        In stock
    
",1
597,Mesaerion: The Best Science Fiction Stories 1800-1849,£37.59,"

    
        In stock
    
",1
598,Libertarianism for Beginners,£51.33,"

    
        In stock
    
",2
599,It's Only the Himalayas,£45.17,"

    
        In stock
    
",2
600,A Light in the Attic,£51.77,"

    
        In stock
    
",3
601,Tipping the Velvet,£53.74,"

    
        In stock
    
",1
602,Soumission,£50.10,"

    
        In stock
    
",1
603,Sharp Objects,£47.82,"

    
        In stock
    
",4
604,Sapiens: A Brief History of Humankind,£54.23,"

    
        In stock
    
",5
605,The Requiem Red,£22.65,"

    
        In stock
    
",1
606,The Dirty Little Secrets of Getting Your Dream Job,£33.34,"

    
        In stock
    
",4
607,"The Coming Woman: A Novel Based on the Life of the Infamous Feminist, Victoria Woodhull",£17.93,"

    
        In stock
    
",3
608,The Boys in the Boat: Nine Americans and Their Epic Quest for Gold at the 1936 Berlin Olympics,£22.60,"

    
        In stock
    
",4
609,The Black Maria,£52.15,"

    
        In stock
    
",1
610,"Starving Hearts (Triangular Trade Trilogy, #1)",£13.99,"

    
        In stock
    
",2
611,Shakespeare's Sonnets,£20.66,"

    
        In stock
    
",4
612,Set Me Free,£17.46,"

    
        In stock
    
",5
613,Scott Pilgrim's Precious Little Life (Scott Pilgrim #1),£52.29,"

    
        In stock
    
",5
614,Rip it Up and Start Again,£35.02,"

    
        In stock
    
",5
615,"Our Band Could Be Your Life: Scenes from the American Indie Underground, 1981-1991",£57.25,"

    
        In stock
    
",3
616,Olio,£23.88,"

    
        In stock
    
",1
617,Mesaerion: The Best Science Fiction Stories 1800-1849,£37.59,"

    
        In stock
    
",1
618,Libertarianism for Beginners,£51.33,"

    
        In stock
    
",2
619,It's Only the Himalayas,£45.17,"

    
        In stock
    
",2
620,A Light in the Attic,£51.77,"

    
        In stock
    
",3
621,Tipping the Velvet,£53.74,"

    
        In stock
    
",1
622,Soumission,£50.10,"

    
        In stock
    
",1
623,Sharp Objects,£47.82,"

    
        In stock
    
",4
624,Sapiens: A Brief History of Humankind,£54.23,"

    
        In stock
    
",5
625,The Requiem Red,£22.65,"

    
        In stock
    
",1
626,The Dirty Little Secrets of Getting Your Dream Job,£33.34,"

    
        In stock
    
",4
627,"The Coming Woman: A Novel Based on the Life of the Infamous Feminist, Victoria Woodhull",£17.93,"

    
        In stock
    
",3
628,The Boys in the Boat: Nine Americans and Their Epic Quest for Gold at the 1936 Berlin Olympics,£22.60,"

    
        In stock
    
",4
629,The Black Maria,£52.15,"

    
        In stock
    
",1
630,"Starving Hearts (Triangular Trade Trilogy, #1)",£13.99,"

    
        In stock
    
",2
631,Shakespeare's Sonnets,£20.66,"

    
        In stock
    
",4
632,Set Me Free,£17.46,"

    
        In stock
    
",5
633,Scott Pilgrim's Precious Little Life (Scott Pilgrim #1),£52.29,"

    
        In stock
    
",5
634,Rip it Up and Start Again,£35.02,"

    
        In stock
    
",5
635,"Our Band Could Be Your Life: Scenes from the American Indie Underground, 1981-1991",£57.25,"

    
        In stock
    
",3
636,Olio,£23.88,"

    
        In stock
    
",1
637,Mesaerion: The Best Science Fiction Stories 1800-1849,£37.59,"

    
        In stock
    
",1
638,Libertarianism for Beginners,£51.33,"

    
        In stock
    
",2
639,It's Only the Himalayas,£45.17,"

    
        In stock
    
",2
640,A Light in the Attic,£51.77,"

    
        In stock
    
",3
641,Tipping the Velvet,£53.74,"

    
        In stock
    
",1
642,Soumission,£50.10,"

    
        In stock
    
",1
643,Sharp Objects,£47.82,"

    
        In stock
    
",4
644,Sapiens: A Brief History of Humankind,£54.23,"

    
        In stock
    
",5
645,The Requiem Red,£22.65,"

    
        In stock
    
",1
646,The Dirty Little Secrets of Getting Your Dream Job,£33.34,"

    
        In stock
    
",4
647,"The Coming Woman: A Novel Based on the Life of the Infamous Feminist, Victoria Woodhull",£17.93,"

    
        In stock
    
",3
648,The Boys in the Boat: Nine Americans and Their Epic Quest for Gold at the 1936 Berlin Olympics,£22.60,"

    
        In stock
    
",4
649,The Black Maria,£52.15,"

    
        In stock
    
",1
650,"Starving Hearts (Triangular Trade Trilogy, #1)",£13.99,"

    
        In stock
    
",2
651,Shakespeare's Sonnets,£20.66,"

    
        In stock
    
",4
652,Set Me Free,£17.46,"

    
        In stock
    
",5
653,Scott Pilgrim's Precious Little Life (Scott Pilgrim #1),£52.29,"

    
        In stock
    
",5
654,Rip it Up and Start Again,£35.02,"

    
        In stock
    
",5
655,"Our Band Could Be Your Life: Scenes from the American Indie Underground, 1981-1991",£57.25,"

    
        In stock
    
",3
656,Olio,£23.88,"

    
        In stock
    
",1
657,Mesaerion: The Best Science Fiction Stories 1800-1849,£37.59,"

    
        In stock
    
",1
658,Libertarianism for Beginners,£51.33,"

    
        In stock
    
",2
659,It's Only the Himalayas,£45.17,"

    
        In stock
    
",2
660,A Light in the Attic,£51.77,"

    
        In stock
    
",3
661,Tipping the Velvet,£53.74,"

    
        In stock
    
",1
662,Soumission,£50.10,"

    
        In stock
    
",1
663,Sharp Objects,£47.82,"

    
        In stock
    
",4
664,Sapiens: A Brief History of Humankind,£54.23,"

    
        In stock
    
",5
665,The Requiem Red,£22.65,"

    
        In stock
    
",1
666,The Dirty Little Secrets of Getting Your Dream Job,£33.34,"

    
        In stock
    
",4
667,"The Coming Woman: A Novel Based on the Life of the Infamous Feminist, Victoria Woodhull",£17.93,"

    
        In stock
    
",3
668,The Boys in the Boat: Nine Americans and Their Epic Quest for Gold at the 1936 Berlin Olympics,£22.60,"

    
        In stock
    
",4
669,The Black Maria,£52.15,"

    
        In stock
    
",1
670,"Starving Hearts (Triangular Trade Trilogy, #1)",£13.99,"

    
        In stock
    
",2
671,Shakespeare's Sonnets,£20.66,"

    
        In stock
    
",4
672,Set Me Free,£17.46,"

    
        In stock
    
",5
673,Scott Pilgrim's Precious Little Life (Scott Pilgrim #1),£52.29,"

    
        In stock
    
",5
674,Rip it Up and Start Again,£35.02,"

    
        In stock
    
",5
675,"Our Band Could Be Your Life: Scenes from the American Indie Underground, 1981-1991",£57.25,"

    
        In stock
    
",3
676,Olio,£23.88,"

    
        In stock
    
",1
677,Mesaerion: The Best Science Fiction Stories 1800-1849,£37.59,"

    
        In stock
    
",1
678,Libertarianism for Beginners,£51.33,"

    
        In stock
    
",2
679,It's Only the Himalayas,£45.17,"

    
        In stock
    
",2
680,A Light in the Attic,£51.77,"

    
        In stock
    
",3
681,Tipping the Velvet,£53.74,"

    
        In stock
    
",1
682,Soumission,£50.10,"

    
        In stock
    
",1
683,Sharp Objects,£47.82,"

    
        In stock
    
",4
684,Sapiens: A Brief History of Humankind,£54.23,"

    
        In stock
    
",5
685,The Requiem Red,£22.65,"

    
        In stock
    
",1
686,The Dirty Little Secrets of Getting Your Dream Job,£33.34,"

    
        In stock
    
",4
687,"The Coming Woman: A Novel Based on the Life of the Infamous Feminist, Victoria Woodhull",£17.93,"

    
        In stock
    
",3
688,The Boys in the Boat: Nine Americans and Their Epic Quest for Gold at the 1936 Berlin Olympics,£22.60,"

    
        In stock
    
",4
689,The Black Maria,£52.15,"

    
        In stock
    
",1
690,"Starving Hearts (Triangular Trade Trilogy, #1)",£13.99,"

    
        In stock
    
",2
691,Shakespeare's Sonnets,£20.66,"

    
        In stock
    
",4
692,Set Me Free,£17.46,"

    
        In stock
    
",5
693,Scott Pilgrim's Precious Little Life (Scott Pilgrim #1),£52.29,"

    
        In stock
    
",5
694,Rip it Up and Start Again,£35.02,"

    
        In stock
    
",5
695,"Our Band Could Be Your Life: Scenes from the American Indie Underground, 1981-1991",£57.25,"

    
        In stock
    
",3
696,Olio,£23.88,"

    
        In stock
    
",1
697,Mesaerion: The Best Science Fiction Stories 1800-1849,£37.59,"

    
        In stock
    
",1
698,Libertarianism for Beginners,£51.33,"

    
        In stock
    
",2
699,It's Only the Himalayas,£45.17,"

    
        In stock
    
",2
700,A Light in the Attic,£51.77,"

    
        In stock
    
",3
701,Tipping the Velvet,£53.74,"

    
        In stock
    
",1
702,Soumission,£50.10,"

    
        In stock
    
",1
703,Sharp Objects,£47.82,"

    
        In stock
    
",4
704,Sapiens: A Brief History of Humankind,£54.23,"

    
        In stock
    
",5
705,The Requiem Red,£22.65,"

    
        In stock
    
",1
706,The Dirty Little Secrets of Getting Your Dream Job,£33.34,"

    
        In stock
    
",4
707,"The Coming Woman: A Novel Based on the Life of the Infamous Feminist, Victoria Woodhull",£17.93,"

    
        In stock
    
",3
708,The Boys in the Boat: Nine Americans and Their Epic Quest for Gold at the 1936 Berlin Olympics,£22.60,"

    
        In stock
    
",4
709,The Black Maria,£52.15,"

    
        In stock
    
",1
710,"Starving Hearts (Triangular Trade Trilogy, #1)",£13.99,"

    
        In stock
    
",2
711,Shakespeare's Sonnets,£20.66,"

    
        In stock
    
",4
712,Set Me Free,£17.46,"

    
        In stock
    
",5
713,Scott Pilgrim's Precious Little Life (Scott Pilgrim #1),£52.29,"

    
        In stock
    
",5
714,Rip it Up and Start Again,£35.02,"

    
        In stock
    
",5
715,"Our Band Could Be Your Life: Scenes from the American Indie Underground, 1981-1991",£57.25,"

    
        In stock
    
",3
716,Olio,£23.88,"

    
        In stock
    
",1
717,Mesaerion: The Best Science Fiction Stories 1800-1849,£37.59,"

    
        In stock
    
",1
718,Libertarianism for Beginners,£51.33,"

    
        In stock
    
",2
719,It's Only the Himalayas,£45.17,"

    
        In stock
    
",2
720,A Light in the Attic,£51.77,"

    
        In stock
    
",3
721,Tipping the Velvet,£53.74,"

    
        In stock
    
",1
722,Soumission,£50.10,"

    
        In stock
    
",1
723,Sharp Objects,£47.82,"

    
        In stock
    
",4
724,Sapiens: A Brief History of Humankind,£54.23,"

    
        In stock
    
",5
725,The Requiem Red,£22.65,"

    
        In stock
    
",1
726,The Dirty Little Secrets of Getting Your Dream Job,£33.34,"

    
        In stock
    
",4
727,"The Coming Woman: A Novel Based on the Life of the Infamous Feminist, Victoria Woodhull",£17.93,"

    
        In stock
    
",3
728,The Boys in the Boat: Nine Americans and Their Epic Quest for Gold at the 1936 Berlin Olympics,£22.60,"

    
        In stock
    
",4
729,The Black Maria,£52.15,"

    
        In stock
    
",1
730,"Starving Hearts (Triangular Trade Trilogy, #1)",£13.99,"

    
        In stock
    
",2
731,Shakespeare's Sonnets,£20.66,"

    
        In stock
    
",4
732,Set Me Free,£17.46,"

    
        In stock
    
",5
733,Scott Pilgrim's Precious Little Life (Scott Pilgrim #1),£52.29,"

    
        In stock
    
",5
734,Rip it Up and Start Again,£35.02,"

    
        In stock
    
",5
735,"Our Band Could Be Your Life: Scenes from the American Indie Underground, 1981-1991",£57.25,"

    
        In stock
    
",3
736,Olio,£23.88,"

    
        In stock
    
",1
737,Mesaerion: The Best Science Fiction Stories 1800-1849,£37.59,"

    
        In stock
    
",1
738,Libertarianism for Beginners,£51.33,"

    
        In stock
    
",2
739,It's Only the Himalayas,£45.17,"

    
        In stock
    
",2
740,A Light in the Attic,£51.77,"

    
        In stock
    
",3
741,Tipping the Velvet,£53.74,"

    
        In stock
    
",1
742,Soumission,£50.10,"

    
        In stock
    
",1
743,Sharp Objects,£47.82,"

    
        In stock
    
",4
744,Sapiens: A Brief History of Humankind,£54.23,"

    
        In stock
    
",5
745,The Requiem Red,£22.65,"

    
        In stock
    
",1
746,The Dirty Little Secrets of Getting Your Dream Job,£33.34,"

    
        In stock
    
",4
747,"The Coming Woman: A Novel Based on the Life of the Infamous Feminist, Victoria Woodhull",£17.93,"

    
        In stock
    
",3
748,The Boys in the Boat: Nine Americans and Their Epic Quest for Gold at the 1936 Berlin Olympics,£22.60,"

    
        In stock
    
",4
749,The Black Maria,£52.15,"

    
        In stock
    
",1
750,"Starving Hearts (Triangular Trade Trilogy, #1)",£13.99,"

    
        In stock
    
",2
751,Shakespeare's Sonnets,£20.66,"

    
        In stock
    
",4
752,Set Me Free,£17.46,"

    
        In stock
    
",5
753,Scott Pilgrim's Precious Little Life (Scott Pilgrim #1),£52.29,"

    
        In stock
    
",5
754,Rip it Up and Start Again,£35.02,"

    
        In stock
    
",5
755,"Our Band Could Be Your Life: Scenes from the American Indie Underground, 1981-1991",£57.25,"

    
        In stock
    
",3
756,Olio,£23.88,"

    
        In stock
    
",1
757,Mesaerion: The Best Science Fiction Stories 1800-1849,£37.59,"

    
        In stock
    
",1
758,Libertarianism for Beginners,£51.33,"

    
        In stock
    
",2
759,It's Only the Himalayas,£45.17,"

    
        In stock
    
",2
760,A Light in the Attic,£51.77,"

    
        In stock
    
",3
761,Tipping the Velvet,£53.74,"

    
        In stock
    
",1
762,Soumission,£50.10,"

    
        In stock
    
",1
763,Sharp Objects,£47.82,"

    
        In stock
    
",4
764,Sapiens: A Brief History of Humankind,£54.23,"

    
        In stock
    
",5
765,The Requiem Red,£22.65,"

    
        In stock
    
",1
766,The Dirty Little Secrets of Getting Your Dream Job,£33.34,"

    
        In stock
    
",4
767,"The Coming Woman: A Novel Based on the Life of the Infamous Feminist, Victoria Woodhull",£17.93,"

    
        In stock
    
",3
768,The Boys in the Boat: Nine Americans and Their Epic Quest for Gold at the 1936 Berlin Olympics,£22.60,"

    
        In stock
    
",4
769,The Black Maria,£52.15,"

    
        In stock
    
",1
770,"Starving Hearts (Triangular Trade Trilogy, #1)",£13.99,"

    
        In stock
    
",2
771,Shakespeare's Sonnets,£20.66,"

    
        In stock
    
",4
772,Set Me Free,£17.46,"

    
        In stock
    
",5
773,Scott Pilgrim's Precious Little Life (Scott Pilgrim #1),£52.29,"

    
        In stock
    
",5
774,Rip it Up and Start Again,£35.02,"

    
        In stock
    
",5
775,"Our Band Could Be Your Life: Scenes from the American Indie Underground, 1981-1991",£57.25,"

    
        In stock
    
",3
776,Olio,£23.88,"

    
        In stock
    
",1
777,Mesaerion: The Best Science Fiction Stories 1800-1849,£37.59,"

    
        In stock
    
",1
778,Libertarianism for Beginners,£51.33,"

    
        In stock
    
",2
779,It's Only the Himalayas,£45.17,"

    
        In stock
    
",2
780,A Light in the Attic,£51.77,"

    
        In stock
    
",3
781,Tipping the Velvet,£53.74,"

    
        In stock
    
",1
782,Soumission,£50.10,"

    
        In stock
    
",1
783,Sharp Objects,£47.82,"

    
        In stock
    
",4
784,Sapiens: A Brief History of Humankind,£54.23,"

    
        In stock
    
",5
785,The Requiem Red,£22.65,"

    
        In stock
    
",1
786,The Dirty Little Secrets of Getting Your Dream Job,£33.34,"

    
        In stock
    
",4
787,"The Coming Woman: A Novel Based on the Life of the Infamous Feminist, Victoria Woodhull",£17.93,"

    
        In stock
    
",3
788,The Boys in the Boat: Nine Americans and Their Epic Quest for Gold at the 1936 Berlin Olympics,£22.60,"

    
        In stock
    
",4
789,The Black Maria,£52.15,"

    
        In stock
    
",1
790,"Starving Hearts (Triangular Trade Trilogy, #1)",£13.99,"

    
        In stock
    
",2
791,Shakespeare's Sonnets,£20.66,"

    
        In stock
    
",4
792,Set Me Free,£17.46,"

    
        In stock
    
",5
793,Scott Pilgrim's Precious Little Life (Scott Pilgrim #1),£52.29,"

    
        In stock
    
",5
794,Rip it Up and Start Again,£35.02,"

    
        In stock
    
",5
795,"Our Band Could Be Your Life: Scenes from the American Indie Underground, 1981-1991",£57.25,"

    
        In stock
    
",3
796,Olio,£23.88,"

    
        In stock
    
",1
797,Mesaerion: The Best Science Fiction Stories 1800-1849,£37.59,"

    
        In stock
    
",1
798,Libertarianism for Beginners,£51.33,"

    
        In stock
    
",2
799,It's Only the Himalayas,£45.17,"

    
        In stock
    
",2
800,A Light in the Attic,£51.77,"

    
        In stock
    
",3
801,Tipping the Velvet,£53.74,"

    
        In stock
    
",1
802,Soumission,£50.10,"

    
        In stock
    
",1
803,Sharp Objects,£47.82,"

    
        In stock
    
",4
804,Sapiens: A Brief History of Humankind,£54.23,"

    
        In stock
    
",5
805,The Requiem Red,£22.65,"

    
        In stock
    
",1
806,The Dirty Little Secrets of Getting Your Dream Job,£33.34,"

    
        In stock
    
",4
807,"The Coming Woman: A Novel Based on the Life of the Infamous Feminist, Victoria Woodhull",£17.93,"

    
        In stock
    
",3
808,The Boys in the Boat: Nine Americans and Their Epic Quest for Gold at the 1936 Berlin Olympics,£22.60,"

    
        In stock
    
",4
809,The Black Maria,£52.15,"

    
        In stock
    
",1
810,"Starving Hearts (Triangular Trade Trilogy, #1)",£13.99,"

    
        In stock
    
",2
811,Shakespeare's Sonnets,£20.66,"

    
        In stock
    
",4
812,Set Me Free,£17.46,"

    
        In stock
    
",5
813,Scott Pilgrim's Precious Little Life (Scott Pilgrim #1),£52.29,"

    
        In stock
    
",5
814,Rip it Up and Start Again,£35.02,"

    
        In stock
    
",5
815,"Our Band Could Be Your Life: Scenes from the American Indie Underground, 1981-1991",£57.25,"

    
        In stock
    
",3
816,Olio,£23.88,"

    
        In stock
    
",1
817,Mesaerion: The Best Science Fiction Stories 1800-1849,£37.59,"

    
        In stock
    
",1
818,Libertarianism for Beginners,£51.33,"

    
        In stock
    
",2
819,It's Only the Himalayas,£45.17,"

    
        In stock
    
",2
820,A Light in the Attic,£51.77,"

    
        In stock
    
",3
821,Tipping the Velvet,£53.74,"

    
        In stock
    
",1
822,Soumission,£50.10,"

    
        In stock
    
",1
823,Sharp Objects,£47.82,"

    
        In stock
    
",4
824,Sapiens: A Brief History of Humankind,£54.23,"

    
        In stock
    
",5
825,The Requiem Red,£22.65,"

    
        In stock
    
",1
826,The Dirty Little Secrets of Getting Your Dream Job,£33.34,"

    
        In stock
    
",4
827,"The Coming Woman: A Novel Based on the Life of the Infamous Feminist, Victoria Woodhull",£17.93,"

    
        In stock
    
",3
828,The Boys in the Boat: Nine Americans and Their Epic Quest for Gold at the 1936 Berlin Olympics,£22.60,"

    
        In stock
    
",4
829,The Black Maria,£52.15,"

    
        In stock
    
",1
830,"Starving Hearts (Triangular Trade Trilogy, #1)",£13.99,"

    
        In stock
    
",2
831,Shakespeare's Sonnets,£20.66,"

    
        In stock
    
",4
832,Set Me Free,£17.46,"

    
        In stock
    
",5
833,Scott Pilgrim's Precious Little Life (Scott Pilgrim #1),£52.29,"

    
        In stock
    
",5
834,Rip it Up and Start Again,£35.02,"

    
        In stock
    
",5
835,"Our Band Could Be Your Life: Scenes from the American Indie Underground, 1981-1991",£57.25,"

    
        In stock
    
",3
836,Olio,£23.88,"

    
        In stock
    
",1
837,Mesaerion: The Best Science Fiction Stories 1800-1849,£37.59,"

    
        In stock
    
",1
838,Libertarianism for Beginners,£51.33,"

    
        In stock
    
",2
839,It's Only the Himalayas,£45.17,"

    
        In stock
    
",2
840,A Light in the Attic,£51.77,"

    
        In stock
    
",3
841,Tipping the Velvet,£53.74,"

    
        In stock
    
",1
842,Soumission,£50.10,"

    
        In stock
    
",1
843,Sharp Objects,£47.82,"

    
        In stock
    
",4
844,Sapiens: A Brief History of Humankind,£54.23,"

    
        In stock
    
",5
845,The Requiem Red,£22.65,"

    
        In stock
    
",1
846,The Dirty Little Secrets of Getting Your Dream Job,£33.34,"

    
        In stock
    
",4
847,"The Coming Woman: A Novel Based on the Life of the Infamous Feminist, Victoria Woodhull",£17.93,"

    
        In stock
    
",3
848,The Boys in the Boat: Nine Americans and Their Epic Quest for Gold at the 1936 Berlin Olympics,£22.60,"

    
        In stock
    
",4
849,The Black Maria,£52.15,"

    
        In stock
    
",1
850,"Starving Hearts (Triangular Trade Trilogy, #1)",£13.99,"

    
        In stock
    
",2
851,Shakespeare's Sonnets,£20.66,"

    
        In stock
    
",4
852,Set Me Free,£17.46,"

    
        In stock
    
",5
853,Scott Pilgrim's Precious Little Life (Scott Pilgrim #1),£52.29,"

    
        In stock
    
",5
854,Rip it Up and Start Again,£35.02,"

    
        In stock
    
",5
855,"Our Band Could Be Your Life: Scenes from the American Indie Underground, 1981-1991",£57.25,"

    
        In stock
    
",3
856,Olio,£23.88,"

    
        In stock
    
",1
857,Mesaerion: The Best Science Fiction Stories 1800-1849,£37.59,"

    
        In stock
    
",1
858,Libertarianism for Beginners,£51.33,"

    
        In stock
    
",2
859,It's Only the Himalayas,£45.17,"

    
        In stock
    
",2
860,A Light in the Attic,£51.77,"

    
        In stock
    
",3
861,Tipping the Velvet,£53.74,"

    
        In stock
    
",1
862,Soumission,£50.10,"

    
        In stock
    
",1
863,Sharp Objects,£47.82,"

    
        In stock
    
",4
864,Sapiens: A Brief History of Humankind,£54.23,"

    
        In stock
    
",5
865,The Requiem Red,£22.65,"

    
        In stock
    
",1
866,The Dirty Little Secrets of Getting Your Dream Job,£33.34,"

    
        In stock
    
",4
867,"The Coming Woman: A Novel Based on the Life of the Infamous Feminist, Victoria Woodhull",£17.93,"

    
        In stock
    
",3
868,The Boys in the Boat: Nine Americans and Their Epic Quest for Gold at the 1936 Berlin Olympics,£22.60,"

    
        In stock
    
",4
869,The Black Maria,£52.15,"

    
        In stock
    
",1
870,"Starving Hearts (Triangular Trade Trilogy, #1)",£13.99,"

    
        In stock
    
",2
871,Shakespeare's Sonnets,£20.66,"

    
        In stock
    
",4
872,Set Me Free,£17.46,"

    
        In stock
    
",5
873,Scott Pilgrim's Precious Little Life (Scott Pilgrim #1),£52.29,"

    
        In stock
    
",5
874,Rip it Up and Start Again,£35.02,"

    
        In stock
    
",5
875,"Our Band Could Be Your Life: Scenes from the American Indie Underground, 1981-1991",£57.25,"

    
        In stock
    
",3
876,Olio,£23.88,"

    
        In stock
    
",1
877,Mesaerion: The Best Science Fiction Stories 1800-1849,£37.59,"

    
        In stock
    
",1
878,Libertarianism for Beginners,£51.33,"

    
        In stock
    
",2
879,It's Only the Himalayas,£45.17,"

    
        In stock
    
",2
880,A Light in the Attic,£51.77,"

    
        In stock
    
",3
881,Tipping the Velvet,£53.74,"

    
        In stock
    
",1
882,Soumission,£50.10,"

    
        In stock
    
",1
883,Sharp Objects,£47.82,"

    
        In stock
    
",4
884,Sapiens: A Brief History of Humankind,£54.23,"

    
        In stock
    
",5
885,The Requiem Red,£22.65,"

    
        In stock
    
",1
886,The Dirty Little Secrets of Getting Your Dream Job,£33.34,"

    
        In stock
    
",4
887,"The Coming Woman: A Novel Based on the Life of the Infamous Feminist, Victoria Woodhull",£17.93,"

    
        In stock
    
",3
888,The Boys in the Boat: Nine Americans and Their Epic Quest for Gold at the 1936 Berlin Olympics,£22.60,"

    
        In stock
    
",4
889,The Black Maria,£52.15,"

    
        In stock
    
",1
890,"Starving Hearts (Triangular Trade Trilogy, #1)",£13.99,"

    
        In stock
    
",2
891,Shakespeare's Sonnets,£20.66,"

    
        In stock
    
",4
892,Set Me Free,£17.46,"

    
        In stock
    
",5
893,Scott Pilgrim's Precious Little Life (Scott Pilgrim #1),£52.29,"

    
        In stock
    
",5
894,Rip it Up and Start Again,£35.02,"

    
        In stock
    
",5
895,"Our Band Could Be Your Life: Scenes from the American Indie Underground, 1981-1991",£57.25,"

    
        In stock
    
",3
896,Olio,£23.88,"

    
        In stock
    
",1
897,Mesaerion: The Best Science Fiction Stories 1800-1849,£37.59,"

    
        In stock
    
",1
898,Libertarianism for Beginners,£51.33,"

    
        In stock
    
",2
899,It's Only the Himalayas,£45.17,"

    
        In stock
    
",2
900,A Light in the Attic,£51.77,"

    
        In stock
    
",3
901,Tipping the Velvet,£53.74,"

    
        In stock
    
",1
902,Soumission,£50.10,"

    
        In stock
    
",1
903,Sharp Objects,£47.82,"

    
        In stock
    
",4
904,Sapiens: A Brief History of Humankind,£54.23,"

    
        In stock
    
",5
905,The Requiem Red,£22.65,"

    
        In stock
    
",1
906,The Dirty Little Secrets of Getting Your Dream Job,£33.34,"

    
        In stock
    
",4
907,"The Coming Woman: A Novel Based on the Life of the Infamous Feminist, Victoria Woodhull",£17.93,"

    
        In stock
    
",3
908,The Boys in the Boat: Nine Americans and Their Epic Quest for Gold at the 1936 Berlin Olympics,£22.60,"

    
        In stock
    
",4
909,The Black Maria,£52.15,"

    
        In stock
    
",1
910,"Starving Hearts (Triangular Trade Trilogy, #1)",£13.99,"

    
        In stock
    
",2
911,Shakespeare's Sonnets,£20.66,"

    
        In stock
    
",4
912,Set Me Free,£17.46,"

    
        In stock
    
",5
913,Scott Pilgrim's Precious Little Life (Scott Pilgrim #1),£52.29,"

    
        In stock
    
",5
914,Rip it Up and Start Again,£35.02,"

    
        In stock
    
",5
915,"Our Band Could Be Your Life: Scenes from the American Indie Underground, 1981-1991",£57.25,"

    
        In stock
    
",3
916,Olio,£23.88,"

    
        In stock
    
",1
917,Mesaerion: The Best Science Fiction Stories 1800-1849,£37.59,"

    
        In stock
    
",1
918,Libertarianism for Beginners,£51.33,"

    
        In stock
    
",2
919,It's Only the Himalayas,£45.17,"

    
        In stock
    
",2
920,A Light in the Attic,£51.77,"

    
        In stock
    
",3
921,Tipping the Velvet,£53.74,"

    
        In stock
    
",1
922,Soumission,£50.10,"

    
        In stock
    
",1
923,Sharp Objects,£47.82,"

    
        In stock
    
",4
924,Sapiens: A Brief History of Humankind,£54.23,"

    
        In stock
    
",5
925,The Requiem Red,£22.65,"

    
        In stock
    
",1
926,The Dirty Little Secrets of Getting Your Dream Job,£33.34,"

    
        In stock
    
",4
927,"The Coming Woman: A Novel Based on the Life of the Infamous Feminist, Victoria Woodhull",£17.93,"

    
        In stock
    
",3
928,The Boys in the Boat: Nine Americans and Their Epic Quest for Gold at the 1936 Berlin Olympics,£22.60,"

    
        In stock
    
",4
929,The Black Maria,£52.15,"

    
        In stock
    
",1
930,"Starving Hearts (Triangular Trade Trilogy, #1)",£13.99,"

    
        In stock
    
",2
931,Shakespeare's Sonnets,£20.66,"

    
        In stock
    
",4
932,Set Me Free,£17.46,"

    
        In stock
    
",5
933,Scott Pilgrim's Precious Little Life (Scott Pilgrim #1),£52.29,"

    
        In stock
    
",5
934,Rip it Up and Start Again,£35.02,"

    
        In stock
    
",5
935,"Our Band Could Be Your Life: Scenes from the American Indie Underground, 1981-1991",£57.25,"

    
        In stock
    
",3
936,Olio,£23.88,"

    
        In stock
    
",1
937,Mesaerion: The Best Science Fiction Stories 1800-1849,£37.59,"

    
        In stock
    
",1
938,Libertarianism for Beginners,£51.33,"

    
        In stock
    
",2
939,It's Only the Himalayas,£45.17,"

    
        In stock
    
",2
940,A Light in the Attic,£51.77,"

    
        In stock
    
",3
941,Tipping the Velvet,£53.74,"

    
        In stock
    
",1
942,Soumission,£50.10,"

    
        In stock
    
",1
943,Sharp Objects,£47.82,"

    
        In stock
    
",4
944,Sapiens: A Brief History of Humankind,£54.23,"

    
        In stock
    
",5
945,The Requiem Red,£22.65,"

    
        In stock
    
",1
946,The Dirty Little Secrets of Getting Your Dream Job,£33.34,"

    
        In stock
    
",4
947,"The Coming Woman: A Novel Based on the Life of the Infamous Feminist, Victoria Woodhull",£17.93,"

    
        In stock
    
",3
948,The Boys in the Boat: Nine Americans and Their Epic Quest for Gold at the 1936 Berlin Olympics,£22.60,"

    
        In stock
    
",4
949,The Black Maria,£52.15,"

    
        In stock
    
",1
950,"Starving Hearts (Triangular Trade Trilogy, #1)",£13.99,"

    
        In stock
    
",2
951,Shakespeare's Sonnets,£20.66,"

    
        In stock
    
",4
952,Set Me Free,£17.46,"

    
        In stock
    
",5
953,Scott Pilgrim's Precious Little Life (Scott Pilgrim #1),£52.29,"

    
        In stock
    
",5
954,Rip it Up and Start Again,£35.02,"

    
        In stock
    
",5
955,"Our Band Could Be Your Life: Scenes from the American Indie Underground, 1981-1991",£57.25,"

    
        In stock
    
",3
956,Olio,£23.88,"

    
        In stock
    
",1
957,Mesaerion: The Best Science Fiction Stories 1800-1849,£37.59,"

    
        In stock
    
",1
958,Libertarianism for Beginners,£51.33,"

    
        In stock
    
",2
959,It's Only the Himalayas,£45.17,"

    
        In stock
    
",2
960,A Light in the Attic,£51.77,"

    
        In stock
    
",3
961,Tipping the Velvet,£53.74,"

    
        In stock
    
",1
962,Soumission,£50.10,"

    
        In stock
    
",1
963,Sharp Objects,£47.82,"

    
        In stock
    
",4
964,Sapiens: A Brief History of Humankind,£54.23,"

    
        In stock
    
",5
965,The Requiem Red,£22.65,"

    
        In stock
    
",1
966,The Dirty Little Secrets of Getting Your Dream Job,£33.34,"

    
        In stock
    
",4
967,"The Coming Woman: A Novel Based on the Life of the Infamous Feminist, Victoria Woodhull",£17.93,"

    
        In stock
    
",3
968,The Boys in the Boat: Nine Americans and Their Epic Quest for Gold at the 1936 Berlin Olympics,£22.60,"

    
        In stock
    
",4
969,The Black Maria,£52.15,"

    
        In stock
    
",1
970,"Starving Hearts (Triangular Trade Trilogy, #1)",£13.99,"

    
        In stock
    
",2
971,Shakespeare's Sonnets,£20.66,"

    
        In stock
    
",4
972,Set Me Free,£17.46,"

    
        In stock
    
",5
973,Scott Pilgrim's Precious Little Life (Scott Pilgrim #1),£52.29,"

    
        In stock
    
",5
974,Rip it Up and Start Again,£35.02,"

    
        In stock
    
",5
975,"Our Band Could Be Your Life: Scenes from the American Indie Underground, 1981-1991",£57.25,"

    
        In stock
    
",3
976,Olio,£23.88,"

    
        In stock
    
",1
977,Mesaerion: The Best Science Fiction Stories 1800-1849,£37.59,"

    
        In stock
    
",1
978,Libertarianism for Beginners,£51.33,"

    
        In stock
    
",2
979,It's Only the Himalayas,£45.17,"

    
        In stock
    
",2
980,A Light in the Attic,£51.77,"

    
        In stock
    
",3
981,Tipping the Velvet,£53.74,"

    
        In stock
    
",1
982,Soumission,£50.10,"

    
        In stock
    
",1
983,Sharp Objects,£47.82,"

    
        In stock
    
",4
984,Sapiens: A Brief History of Humankind,£54.23,"

    
        In stock
    
",5
985,The Requiem Red,£22.65,"

    
        In stock
    
",1
986,The Dirty Little Secrets of Getting Your Dream Job,£33.34,"

    
        In stock
    
",4
987,"The Coming Woman: A Novel Based on the Life of the Infamous Feminist, Victoria Woodhull",£17.93,"

    
        In stock
    
",3
988,The Boys in the Boat: Nine Americans and Their Epic Quest for Gold at the 1936 Berlin Olympics,£22.60,"

    
        In stock
    
",4
989,The Black Maria,£52.15,"

    
        In stock
    
",1
990,"Starving Hearts (Triangular Trade Trilogy, #1)",£13.99,"

    
        In stock
    
",2
991,Shakespeare's Sonnets,£20.66,"

    
        In stock
    
",4
992,Set Me Free,£17.46,"

    
        In stock
    
",5
993,Scott Pilgrim's Precious Little Life (Scott Pilgrim #1),£52.29,"

    
        In stock
    
",5
994,Rip it Up and Start Again,£35.02,"

    
        In stock
    
",5
995,"Our Band Could Be Your Life: Scenes from the American Indie Underground, 1981-1991",£57.25,"

    
        In stock
    
",3
996,Olio,£23.88,"

    
        In stock
    
",1
997,Mesaerion: The Best Science Fiction Stories 1800-1849,£37.59,"

    
        In stock
    
",1
998,Libertarianism for Beginners,£51.33,"

    
        In stock
    
",2
999,It's Only the Himalayas,£45.17,"

    
        In stock
    
",2
